label,risk_score
-1,-1.8909684102469941
-1,-0.8137802491861575
-1,-3.3036933838951437
-1,-1.698591395071929
-1,-1.7090900116981618
1,0.22100261109166042
-1,-2.6248709258953298
-1,-1.058537699017312
-1,-1.2214909049413505
-1,-1.1256319726695219
-1,-3.194681861664696
-1,-2.1302180946112665
-1,-3.124916553641206
-1,-2.053607225889304
-1,-2.6806793225589964
-1,-1.5479410620564176
-1,-3.339266685047205
-1,-2.210644836857569
-1,-2.9562889800363465
-1,-2.2271992082786607
-1,-1.9816267391106486
-1,-2.129714919353011
1,0.09044480681334399
-1,-3.33208050089223
-1,-2.620777722828062
-1,-2.492601029203645
-1,-0.6473881200757335
-1,-1.8083537700330208
-1,-0.9252936313332184
-1,-2.7513258430584204
-1,-2.3562034433319545
-1,-2.8916317080104714
-1,-0.522862506511338
-1,-0.6254813962413089
-1,-3.440012382671759
-1,-1.565956673502657
-1,-2.0728391962951895
-1,-1.2649188372952684
-1,-2.6178897255674944
1,0.4668009758705085
-1,-2.8952573306666114
-1,-1.8812202101333528
-1,-1.2241696495921857
-1,-2.9845342454841584
-1,-1.305766471525835
-1,-2.099173612743357
-1,-2.438461092237893
1,1.0555966116838689
-1,-3.654169103036731
-1,-0.6105559728020423
-1,-2.6903084327246343
-1,-2.288683818088547
-1,-1.6653318912497652
-1,-1.742148932797269
-1,-3.313933810049637
-1,-1.8958828219511639
-1,-0.753324937466406
-1,-1.0419299254516075
-1,-2.821117397050273
-1,-3.178194812776419
-1,-2.267681102361315
-1,-1.6141769615335098
-1,-1.5050856142993103
-1,-1.924921524585132
-1,-2.2449173894267727
-1,-2.3320027517949877
-1,-2.804210879561182
-1,-3.074364678047051
-1,-1.3156113984899047
-1,-2.284309932173434
-1,-1.2316839504876262
-1,-2.0777368896675195
-1,-2.3083368910180173
-1,-3.4205995886319602
-1,-1.5524751323190698
-1,-2.2309272629477093
-1,-1.062371291008251
-1,-0.5474033471419371
-1,-1.7230226926981551
-1,-1.0709835720056513
-1,-0.5853025665383254
-1,-2.6199343911872774
-1,-2.6942825779653297
-1,-1.7962356807650854
-1,-0.25464206951888013
-1,-3.916876095591113
-1,-0.7248640375118732
-1,-1.5744483367435773
-1,-2.0586572181698575
-1,-3.4677423912922145
-1,-1.8621974203063236
-1,-2.107477093226041
-1,-2.522022666357088
-1,-1.854473215869226
1,0.10412308258755487
1,0.03233796111475151
-1,-1.9637747584286869
-1,-2.3945125147390565
-1,-3.1051931936007935
-1,-2.211349209217393
-1,-1.0775368707462363
-1,-2.2954285418601486
-1,-2.653177834157658
-1,-1.4203044169805576
-1,-2.928761748710812
-1,-2.3954343138363705
-1,-3.862632842873917
-1,-3.499900827797389
-1,-0.6468687504037774
-1,-2.3470292159333135
-1,-2.0052187790615346
-1,-3.0055142623761766
-1,-1.0930050298284908
-1,-0.6849087708725552
-1,-3.8057881044975823
-1,-1.5392183154108148
-1,-2.8700868069581955
-1,-2.9826329731778314
-1,-3.289754951887632
-1,-3.8650000849795276
-1,-1.5570023388445744
-1,-2.779953849932176
-1,-0.36000112092624237
-1,-1.8828022338011352
-1,-0.36544632710897895
-1,-2.292117150713513
-1,-2.234906033759301
-1,-3.5051725763177677
-1,-1.4132083938448448
-1,-3.6112616410055365
-1,-3.0387420838268335
-1,-1.442141138883875
-1,-2.5361960296989747
-1,-3.381307348429146
-1,-0.8750023559610131
-1,-1.8697433189067998
-1,-0.30954397933485467
-1,-2.814872481846517
-1,-3.759792452275
-1,-1.4495859109327458
-1,-1.586538543065549
-1,-2.847809467077845
-1,-2.6309911787410556
-1,-1.7025155706351245
-1,-1.3979705078307738
1,0.08381184190370228
-1,-2.68365207925147
-1,-1.5529917029525593
-1,-1.3551140853079384
-1,-0.4521600044272547
-1,-2.553718424155956
-1,-3.4981397606194653
-1,-1.7805234131678231
-1,-2.5938983684484067
1,0.1858057863795175
-1,-0.24116723623124858
-1,-1.8529345454830572
-1,-2.070523185033469
-1,-1.600467022974656
-1,-2.340628667664738
-1,-2.6729074890374354
-1,-1.59572679935569
-1,-2.741759369192545
-1,-3.4643517229700778
-1,-2.6929373226031017
-1,-0.6908917102079017
-1,-1.290557297529288
-1,-2.5504845898103934
-1,-3.290899166805779
-1,-2.5586053554504113
-1,-2.7047950326756807
-1,-3.120902623847752
-1,-2.933999110675457
-1,-2.1446886292564535
-1,-3.272911244088064
-1,-2.1003011130578013
-1,-1.2667776450356296
-1,-3.0278351705943676
-1,-0.13989875250837847
-1,-1.824481569598225
-1,-3.1715000904353308
-1,-4.262133242719679
-1,-3.045143494608643
-1,-2.435382238989441
-1,-4.0569997462215905
-1,-3.2552823581414825
-1,-2.0467286390198844
-1,-1.552511044569734
-1,-2.9330236884026495
-1,-2.736893085289579
-1,-3.2021543710251286
-1,-2.9700872520617985
-1,-1.7401812301543833
1,0.47086372505868945
-1,-2.307133972306878
-1,-0.562477423712503
-1,-2.665061214521998
-1,-2.555760094995253
-1,-1.2940036488774505
-1,-4.272771797911431
-1,-1.5100717433719848
-1,-2.866573946067931
-1,-2.114793993964551
-1,-2.4883514862890985
-1,-1.3280018238206601
1,1.171535909869498
-1,-2.00555605708423
-1,-1.7282037421498493
-1,-0.5025421379686529
-1,-0.16294868736043605
-1,-0.8608264047936154
-1,-4.424934713079891
-1,-0.13398922404471303
-1,-2.3322672459723854
-1,-2.20139610223102
-1,-1.6895251606547643
-1,-2.3563366461085584
-1,-3.016840600778719
-1,-3.7754074594993274
-1,-1.4532376705655858
-1,-3.2636825462030585
-1,-2.998673425071451
-1,-2.2659011166313974
1,0.059817249577806764
-1,-3.276027556478491
-1,-1.5959116190883624
-1,-3.3992748262765877
-1,-2.612546820990346
-1,-2.2166156202245295
-1,-3.423812761287813
-1,-2.553034744404003
-1,-2.8870100223628317
-1,-2.58579298196231
-1,-1.4546471318997591
-1,-4.015030220446993
-1,-3.3565721591427957
-1,-3.1854566377461064
-1,-0.6481015758806453
-1,-1.793567004402238
-1,-1.443825112913605
-1,-1.550900060578421
-1,-1.7991663319015476
-1,-2.520625863479435
-1,-2.0852796054518588
-1,-1.1071187051013567
-1,-1.7809329971345367
-1,-3.4294831907396515
-1,-2.4822802374531907
-1,-0.5438770253288667
-1,-2.321691721906974
1,0.15285428984635696
-1,-0.6283598733233989
1,0.7116966262326875
-1,-1.3749720213646657
-1,-2.364112910948735
-1,-2.8323831664509402
-1,-2.6732505649677023
-1,-2.8325141336449495
-1,-0.751142346787614
-1,-2.46509562683168
-1,-1.8255122437335536
-1,-1.542885731231527
-1,-3.2633497168038503
-1,-3.206663941205773
-1,-1.1839078236831808
-1,-1.5834372186096655
-1,-2.5551822613911055
-1,-3.5706092906083584
-1,-2.0248893838215545
-1,-1.513219037374808
-1,-0.7461483295884535
-1,-4.365291229050754
-1,-1.0836406150843096
-1,-2.899752912063293
-1,-1.5732226928879776
-1,-3.1232428993851364
-1,-2.339174851418742
-1,-0.759893509245592
-1,-2.691922390104556
-1,-0.9956135227703795
-1,-2.3227873489944204
-1,-3.9463405278124064
-1,-3.704062895543017
-1,-2.4604445898487657
-1,-3.0133161269646487
-1,-1.5261839689946268
-1,-2.13678822540453
-1,-1.1934875210636338
-1,-3.1296746274001075
-1,-1.7049594067244733
-1,-3.135017426684683
-1,-1.009251032754641
-1,-2.9577261785208138
-1,-3.0960178533126186
-1,-0.3899130797024687
-1,-3.5808807451036917
-1,-1.9434982119181696
-1,-3.1953657171401457
-1,-2.4216575337956434
-1,-0.7903588378129454
-1,-3.180975605286583
-1,-2.660806594392114
-1,-1.820414619860534
-1,-1.4134140384608287
-1,-0.6318005370611971
-1,-2.2603798566887283
-1,-2.0292963026915007
-1,-2.321638754627316
-1,-2.0344469246114025
-1,-1.3562178293523002
-1,-2.698319445521594
-1,-3.283886226887188
-1,-2.019118061097312
-1,-2.466552550955222
-1,-0.3767262739695203
-1,-3.547194825323628
-1,-1.9724538415587616
-1,-2.8673170064860827
1,0.766439796725575
-1,-3.192394212884258
-1,-3.482827236051405
-1,-1.151106470844764
-1,-2.165242249204041
-1,-3.123884264561617
-1,-1.2099974007558507
-1,-1.686157587700793
-1,-0.8181132201775776
-1,-3.4855958284495756
-1,-2.552985933255238
-1,-1.860038246320896
-1,-2.6004119275312756
-1,-1.4579411454698161
-1,-1.8458476998252986
-1,-1.9208280009478083
-1,-2.7111321322484834
-1,-2.8508027406979597
-1,-2.3458946683590476
-1,-1.8447271126716003
-1,-2.59781100669251
-1,-2.5643618490254916
-1,-3.5167728923278037
-1,-2.148854266449599
-1,-1.2871981621293545
-1,-1.8315999250440078
1,0.2816479358534293
-1,-2.300965585870771
-1,-2.9186490059478944
-1,-1.3107406432536424
-1,-2.444051043721485
-1,-3.5305834081381064
1,0.3341176695282966
-1,-2.703834346053908
-1,-1.696341751436269
-1,-2.1810969885814506
-1,-2.4634082977169807
-1,-2.108101622249304
-1,-3.470765788295776
-1,-1.9914145727480004
-1,-1.0675388907823038
-1,-1.1433811986790372
-1,-0.845390962480443
-1,-2.696498116195866
-1,-2.468194122026894
-1,-1.3871105037622773
-1,-2.8242196678677103
-1,-1.7251273863549712
-1,-3.478591411154762
-1,-1.9539837099215376
-1,-3.3377567959382675
1,1.1849315256703994
-1,-1.386197599892888
-1,-2.1173891347268388
-1,-2.998028484537498
-1,-3.7213926857195285
-1,-1.3768001206321046
1,0.19885155448238045
-1,-2.2034961831848823
-1,-1.7774267783334254
-1,-0.9054247722634137
-1,-2.331352251501048
-1,-3.125829865808701
-1,-0.0027537921971193535
-1,-2.756036815760625
-1,-2.515727817235049
-1,-2.039613816543882
-1,-2.5437255526543656
-1,-1.9414224329794654
-1,-3.3231914862646716
-1,-1.3475194909758765
1,0.244316358385267
-1,-2.882306361178508
-1,-1.123550325017078
-1,-2.954304276565694
-1,-0.06021954068103719
-1,-2.4093267717249
-1,-3.913268702451781
-1,-2.7492326493649966
-1,-2.6601288084295795
-1,-2.30455473416533
-1,-1.835199764357367
-1,-0.48985231023237663
-1,-2.9899528022057567
-1,-2.4920320140299714
-1,-3.195744343058862
-1,-2.2312823676244595
-1,-2.0344461767680144
-1,-2.1978257513445754
-1,-0.8745981159930613
-1,-1.8629475819034593
-1,-3.275445149876458
-1,-2.5965037317596433
-1,-2.2254632139954102
-1,-2.024682454518521
-1,-2.986756856926094
-1,-3.151669079371596
-1,-2.5700132442137877
-1,-1.9768143835779872
-1,-2.6483961478299443
-1,-2.7102683882985867
-1,-2.5599357421428186
-1,-2.6402722560614715
-1,-1.455979146517938
-1,-2.60696758010533
-1,-2.1996109030033475
-1,-2.6664087318867766
-1,-3.331996185455944
-1,-2.25503581113499
-1,-1.7079830053332326
-1,-2.0101539964740733
-1,-2.2557422236641558
-1,-1.1170379230171337
-1,-3.4636256264359115
-1,-2.9044294731177143
-1,-2.044823484881451
-1,-1.9970209374304502
-1,-0.05944340965222428
-1,-3.0339553485721127
-1,-2.060374284096019
-1,-2.977265239959598
-1,-2.9601225000399354
-1,-3.5404403378133495
-1,-2.9743051092746757
-1,-3.25190637308152
-1,-3.0265071972646123
-1,-2.1950110916598917
-1,-3.0544856141916807
-1,-4.003516551024532
1,0.4299327526594908
-1,-2.498255871248049
-1,-3.1207319668245117
-1,-1.828163122429606
-1,-1.9378117454483847
-1,-1.9458810741875774
-1,-3.5610873508782763
-1,-1.5362938050198882
-1,-2.582098684648816
-1,-1.4622382055360217
-1,-1.4758921418593176
-1,-2.0117418290202043
-1,-2.081694723009308
-1,-2.7213672571922003
-1,-2.6145369162245857
-1,-1.5629104586650988
-1,-0.5567726994383552
-1,-2.2935288143105628
-1,-2.49571513007403
-1,-1.862290085476713
-1,-1.8074554333764983
-1,-1.8272334757681898
-1,-0.7035488765141167
-1,-1.5494950464620558
-1,-2.685250391454048
-1,-2.3810486685516308
-1,-0.9340388568025646
-1,-2.0947714097024064
-1,-1.4549962952517874
-1,-1.328421949955217
-1,-3.4178265171715942
-1,-2.8086111596327017
-1,-2.6644918864124745
-1,-3.6047947778122214
-1,-3.3438530966144464
-1,-1.353179191984076
-1,-3.315151753200816
-1,-2.6613597906494495
-1,-3.105774965216018
-1,-2.221241958113279
-1,-0.7892552808675609
-1,-3.2355846559868517
-1,-2.8724532657958615
-1,-2.760156245374927
-1,-2.8410910689625033
1,0.1591284852173308
-1,-2.9728774846818005
-1,-1.5104101565660417
-1,-2.5963848177367628
-1,-2.606708784602531
-1,-2.2862638136747178
-1,-1.8971122312985864
-1,-1.7828930850913647
-1,-0.7641141193960915
-1,-2.337571337748099
-1,-3.7073635513169476
-1,-2.348597091562967
-1,-2.3976699690163423
-1,-2.454016827425301
-1,-3.293736487315306
-1,-2.51767057687181
-1,-2.6409660965993047
-1,-2.859580316172575
-1,-1.8728475031445728
-1,-1.3281833728664247
-1,-2.725177692105047
-1,-2.179325463885568
-1,-2.3400874623493104
-1,-0.6907081092549529
-1,-3.1021949429312454
1,0.2859851055249568
-1,-2.6672791352750913
-1,-4.1633541132853775
-1,-2.4785834323810727
-1,-1.0450072718034298
-1,-2.3553760617892934
-1,-3.136435050087958
-1,-2.547354217306299
-1,-2.6432620601016112
-1,-0.3987048162737369
-1,-1.7911669800128998
-1,-1.7719574534590636
-1,-3.2786369361864534
-1,-2.8818019381445388
-1,-3.2098247553640507
-1,-2.6251805050346833
-1,-0.9637826241543049
-1,-2.2260158624941333
-1,-2.260701436298543
-1,-2.3187294877545566
-1,-2.116861185510966
-1,-3.521142484678942
-1,-1.9970058084308406
1,0.04157613284261108
-1,-3.0852373788706613
-1,-1.922743271930242
-1,-1.4950427881389108
-1,-2.1327854234437083
-1,-2.3586687619474014
-1,-2.7460116024760826
-1,-2.165375301625324
-1,-2.272669592952784
-1,-2.2410913854970405
-1,-0.43049286844204737
1,0.3061546129568272
-1,-2.6447403822812103
-1,-2.048169040281706
-1,-2.4728132086571257
-1,-3.15670628591926
-1,-2.968582805895782
-1,-2.8547229008353434
-1,-3.199308601083693
-1,-1.571256558801621
-1,-1.5268945231545463
1,0.7901129878222871
-1,-2.7713855677306696
-1,-2.2480541131841996
-1,-0.8404203345705606
-1,-2.5627888984357887
-1,-0.49297094127293295
-1,-1.629039820809774
-1,-0.8594430184345357
-1,-1.5608438297082472
-1,-1.086083264062668
-1,-1.7178854765659932
-1,-3.2196396771195492
-1,-1.5428113903299518
-1,-2.827481228945996
-1,-3.021648481430536
-1,-2.777262711751307
-1,-2.108651287523759
-1,-0.6851043845900606
-1,-1.9269010988486945
-1,-0.8250313455312858
-1,-0.9205753385207527
-1,-1.6396367321452514
-1,-1.1988667213872404
-1,-1.4781764589363426
-1,-0.36259289086145075
-1,-0.6180036075873558
-1,-1.8721327135852142
-1,-0.562470925227171
-1,-3.963444642518087
-1,-2.714405186188782
-1,-2.441799873811576
-1,-0.10089590102853407
-1,-2.3583542799798245
-1,-2.035096858558084
-1,-3.894840724602717
-1,-0.5418085739554989
-1,-1.4311154043373593
-1,-1.376489497973742
-1,-0.8642481339560449
-1,-1.4015925518212953
-1,-1.969880494076254
-1,-2.7639644039252897
-1,-1.6663907281821753
-1,-2.4590264030186257
-1,-3.142060038927832
-1,-2.3409908267248416
-1,-3.2365572885504736
-1,-1.8189072538131068
-1,-2.536817422934426
-1,-1.4006018691830926
-1,-0.22284733200192341
-1,-1.413323162690311
-1,-0.5760109411900721
-1,-1.7995236866823596
-1,-2.056681298678352
-1,-1.969777082953279
-1,-2.198127689291372
1,0.22519246476021737
-1,-1.0824795376335392
-1,-0.7904006796454646
-1,-2.7213218397095504
-1,-3.19521709342514
-1,-2.231802012682732
-1,-1.6650384496667932
-1,-1.839704719584462
-1,-3.1708579296359063
-1,-0.9248750520741865
-1,-2.9158987925726314
-1,-3.7504440946657542
-1,-2.4862485469402333
-1,-2.913217680380038
-1,-2.02861208195543
1,0.5979507797538487
-1,-3.2056585460302442
-1,-2.1940140636026304
-1,-4.135172219830008
-1,-1.8665644034438973
-1,-1.6680030342406686
-1,-1.0543877138485163
-1,-2.0411046136667625
-1,-0.6248863077154007
-1,-0.5862031401067205
1,0.3076876099512623
1,0.4790772837168057
-1,-2.97644420106842
-1,-1.8567237156757312
-1,-0.41292660666017433
-1,-2.6024872090062567
-1,-3.4129933310132974
-1,-3.4105869887075735
-1,-3.0123349720999797
-1,-1.081641528895033
-1,-3.3164030628974253
-1,-0.9913742039286649
-1,-1.5694165514016007
-1,-0.47755771006914804
-1,-1.6785623835263936
-1,-1.241597844179281
-1,-2.059849341314143
-1,-2.0579995428280715
-1,-2.4750687931807382
-1,-3.0632721317686347
-1,-2.5315215629869994
-1,-3.1300873429905827
-1,-1.908411815799004
-1,-2.780528565058266
-1,-1.4814548232819025
-1,-2.1822985211838803
-1,-2.378552188746149
-1,-1.4015057956726058
-1,-2.8860994099074713
-1,-2.8022825469940247
-1,-2.247095579744055
-1,-2.1600200171213
-1,-1.7943606207114353
-1,-0.038451244398912676
-1,-0.8777709007023414
-1,-0.4711891737152901
-1,-1.4561899546196377
-1,-1.1647826605438665
-1,-0.7521978760183874
-1,-1.0195516624054415
-1,-2.3855245690768814
-1,-2.5316101166774367
-1,-2.6291201673724482
-1,-3.0323177816710567
-1,-3.877258290721018
-1,-2.215284952573588
-1,-3.4052544867512218
-1,-2.8986354160407486
-1,-2.572625255870021
-1,-2.572937827196389
-1,-2.3299879646494195
-1,-0.21979878948061965
-1,-2.2216300812065315
-1,-1.9494475324210283
-1,-2.534439730599311
-1,-0.748290926611194
-1,-1.717261513168498
1,0.10121409817855054
-1,-1.0671595807012912
-1,-3.160484073216331
-1,-2.9573084128561535
-1,-2.3147312466938454
-1,-2.7401818881352904
-1,-1.4821585608856536
-1,-3.446692306053315
-1,-2.8176402030995695
-1,-1.3516626751048801
-1,-3.2310197403017726
-1,-0.23051504571946424
-1,-0.8797612215059565
-1,-0.7398347395826516
-1,-3.411657306436302
-1,-3.868372604765436
-1,-3.331152262918292
-1,-3.5221921234497153
-1,-2.9171566393680655
-1,-3.289206203931187
-1,-1.762218905769291
-1,-1.1805464711764322
-1,-2.903640202812284
-1,-2.2295236815236312
-1,-1.5521802043093271
-1,-1.921439890425384
-1,-3.4434683619280535
-1,-2.223172811548444
-1,-3.6181550577915496
-1,-1.8332629443902935
-1,-2.163406624412148
-1,-1.4320189238104581
-1,-1.56568231838585
-1,-1.422376109417887
-1,-1.8367424185641243
-1,-1.1143060168667107
-1,-1.7007509295038221
-1,-2.882372937573921
-1,-1.331743695993906
-1,-1.475187080841541
-1,-2.9154262072202193
-1,-2.258975312690041
-1,-3.860971789426871
-1,-2.965698465082418
-1,-3.2965763706864144
-1,-1.2054865826057704
-1,-2.991198561693637
-1,-2.9609750461190694
-1,-0.37720092420826645
-1,-3.3044835352123676
-1,-1.2837910806229909
-1,-3.234846727813695
-1,-3.741606004370167
1,1.2235853125832912
-1,-2.5458685072798954
-1,-2.7929773911633573
-1,-2.736732603663493
-1,-2.017843815647548
-1,-0.6983052505767825
-1,-2.484647483441642
-1,-1.095186678256943
-1,-4.091371324579138
-1,-2.1107023494700377
-1,-1.6271367485288994
-1,-2.628055403081296
-1,-2.720876443039155
-1,-0.5325103608034227
1,0.06654197411409013
-1,-2.518368550772105
-1,-0.5292624308555277
-1,-3.1716063447647858
-1,-3.683241895113319
1,0.061557431693819
-1,-2.061541733479189
-1,-2.7885888741437856
-1,-2.3481148849331825
-1,-1.9620849193590022
-1,-2.4576000127022457
-1,-1.7162817060447635
-1,-2.5474507407405587
-1,-1.2992067017358262
-1,-1.101862852876156
-1,-0.14997678467699893
-1,-3.337006316632719
-1,-1.5817643725920623
-1,-1.7569468365232956
-1,-3.0993565153915976
-1,-2.9935895277502595
-1,-1.9597272208429612
-1,-2.163525243173161
-1,-2.8416528239591603
-1,-0.8395269106469841
-1,-2.0974543470161677
-1,-3.0174438174051152
-1,-2.534568116957085
-1,-2.357004144297551
1,2.0918220997423314
-1,-2.3054616506448
-1,-4.014625116970895
-1,-1.8847817179822304
-1,-2.3246272908686914
-1,-2.560983177976985
1,0.13438624136446975
-1,-0.5224266203836327
1,0.3244699606519442
-1,-1.4381144325042743
-1,-1.5925226159023893
-1,-0.7953513089975385
-1,-1.295995870705306
-1,-1.173044284913074
-1,-2.3553019718564756
-1,-2.246879978592481
-1,-1.1414796464240138
-1,-1.3678653803317946
-1,-2.132642199213519
-1,-3.6762812585002496
-1,-3.341991000696997
-1,-2.806573902501822
1,0.017190441894925468
-1,-1.1651514866150783
1,0.48688517125410524
-1,-3.165229935324445
-1,-3.9685662385291387
-1,-2.1783155241685286
-1,-2.4996807816604565
-1,-2.700604565014322
-1,-3.024730667214239
-1,-1.2740737500526071
-1,-1.762366649355585
-1,-1.5511772456253583
1,1.447560397552588
-1,-1.6302240540091955
-1,-1.4729494769063747
-1,-4.024580830150299
-1,-2.2097430928578454
-1,-1.3720511528630066
-1,-3.2067586470894347
-1,-3.4439603456542023
1,0.007648623979003455
-1,-2.66627482343804
-1,-1.1539769173588303
-1,-3.2251991430360065
-1,-1.9871688335842053
-1,-2.8385073751704133
-1,-3.451967315913305
-1,-3.3197969675161705
-1,-2.8924193552313064
-1,-0.4789262545791164
-1,-2.449312479442365
-1,-1.2573896914658196
-1,-1.252252477142192
-1,-1.3715738541520137
-1,-3.397192347119653
-1,-2.8172606301158116
-1,-2.192120267061257
-1,-2.300594384402599
-1,-2.806747932383334
-1,-1.2566606988658617
-1,-2.670653068036853
-1,-1.3916872072948032
-1,-2.6399687014330806
-1,-1.812864330474203
-1,-3.2780885880321926
-1,-2.9566509070997107
-1,-3.30902961235135
1,0.06082946059439942
-1,-1.7033337790892453
-1,-2.808273733046178
-1,-3.3899359244265344
-1,-0.8540643281684562
-1,-2.27530025640742
-1,-2.6808124758130973
-1,-2.2229964243475515
-1,-0.9800592529575315
-1,-3.620564122241569
1,0.47917331846443634
-1,-1.831828528250909
-1,-2.839048077673582
-1,-2.427818000980032
-1,-1.197308267989511
-1,-4.11671090501928
-1,-2.8132180043113455
-1,-3.1733014837628137
-1,-2.3905275284801384
-1,-3.061299755156314
-1,-1.595430281709092
-1,-1.9492416948450746
-1,-2.530027294499383
-1,-1.983655404132041
-1,-3.5007251974872386
-1,-2.5326127788436064
-1,-5.095724084296983
-1,-2.2878388580055278
-1,-2.6315014659552234
-1,-1.9132583036384574
-1,-3.1846451638688666
-1,-3.7828746493903944
-1,-3.3601341286393813
-1,-3.1393033045327106
-1,-0.9563960999161867
-1,-0.8503448347768174
-1,-2.582576972027927
-1,-3.213989590944342
-1,-0.8392503063272508
-1,-3.4808972388776143
-1,-0.41138765846042613
-1,-3.0692344629136112
-1,-1.4707702086296717
1,3.6128004284167683
-1,-1.595621261704467
-1,-3.04800207075413
-1,-2.5218448647700686
-1,-2.758607387436906
-1,-3.2183080634635135
-1,-1.5753046338710908
1,0.6767352001272954
-1,-2.134162221485312
-1,-1.835298046853592
-1,-2.948219045241542
-1,-2.7948217883089317
-1,-2.3803130330562445
-1,-1.0770782935458958
-1,-0.6095809398558869
-1,-3.527744197578334
-1,-0.3227354573528198
-1,-2.3864070898738947
-1,-1.5814662018261618
1,1.3094944822653378
-1,-2.445270054112568
1,0.24548774456853673
1,0.013819450781364373
-1,-2.202910025108874
-1,-1.5884754468923465
-1,-3.0232478440111894
-1,-3.3244047662137377
-1,-3.563340194044724
-1,-2.259906874179024
-1,-1.904308387015079
-1,-1.4721504741039801
-1,-3.6886084638331806
-1,-0.9293289496577778
-1,-2.44384461250106
-1,-1.3068640829080456
1,0.21677003610713996
-1,-1.6233054593762732
-1,-2.0191444565300745
-1,-2.7647707169568734
-1,-2.0298194062032375
-1,-0.1961819531754988
-1,-1.4172454354904844
-1,-1.6032822843729941
-1,-2.4722128085373996
-1,-2.8582520841435195
-1,-0.7911742330251094
-1,-2.926273812268344
-1,-0.5603317360896449
-1,-1.1783087931100387
-1,-1.0935334183021244
-1,-1.4059005463690535
-1,-3.1115060303016584
-1,-1.0567948535239893
-1,-1.454411920460433
-1,-2.7754060312837394
-1,-1.0317687102637167
-1,-1.7492825412990425
-1,-2.890967326441072
-1,-0.6222007999065098
-1,-0.8774200576968816
-1,-0.021982611708360245
-1,-2.0826373447805597
-1,-2.4412841348743854
-1,-1.560996161618129
-1,-1.6871305279390834
-1,-2.7957542173863246
-1,-1.4810512814209562
-1,-2.64353188179843
-1,-2.934292958470785
-1,-0.32648235236598533
-1,-3.871424739272547
-1,-0.11230903830906624
-1,-1.7768881383266888
-1,-1.3764196689292079
-1,-3.398762234382213
-1,-2.2839842250315185
-1,-2.51542722348699
-1,-1.4677683490925868
-1,-3.385369743201582
-1,-0.6733252044306448
-1,-2.4197983246884327
-1,-3.289557967986639
-1,-1.2229037986899227
-1,-2.2103100067504364
-1,-2.864215543609786
-1,-2.7592634925141
-1,-2.1582709485799625
-1,-1.9395267120167428
-1,-2.698137289164283
-1,-2.7500067449840544
-1,-2.6850136324557625
-1,-3.029958362934624
-1,-2.5147828072628307
-1,-2.511689933318396
-1,-0.936470351432281
-1,-1.4850342839390422
-1,-1.2467311136550805
-1,-3.766865718257262
-1,-1.3126689350193135
-1,-1.180840501748948
1,0.04476609888512917
-1,-1.111034395472978
-1,-3.0256089047044
-1,-2.390191195269441
-1,-1.5601293571922392
-1,-0.6032524809835095
-1,-3.149455569024756
-1,-1.6639008853557873
-1,-0.05767993046826747
-1,-0.364403103599627
-1,-1.9500979037590107
1,0.4463320627184626
-1,-0.1230816078489303
-1,-2.860703932737995
-1,-3.2041234021782756
-1,-1.2034988405156546
-1,-2.814984334665169
-1,-2.4751390964693627
-1,-1.792534180534437
-1,-0.8497739783005575
-1,-3.4190281939325575
-1,-1.521255544213377
-1,-0.5814650808638943
-1,-1.9353450427976413
-1,-1.9767437199333155
-1,-3.6866731381847706
-1,-2.6263101185394517
-1,-2.5339554771411623
-1,-1.5866110761142989
-1,-1.2957578988646685
-1,-3.740406696794014
-1,-0.5520924928388949
-1,-3.7402359687825677
-1,-2.473749990651121
-1,-2.7120199222674857
-1,-1.866808495299633
-1,-1.2138403099774036
-1,-1.4301581748080832
1,0.10985872005490194
-1,-0.6237135741856324
-1,-2.372130379929455
-1,-2.2412548769013347
-1,-1.082617159104934
-1,-1.30509248153164
-1,-1.3208325236831042
-1,-1.3978313169613745
-1,-1.554156156864721
-1,-1.593371459642544
-1,-1.3573386217313113
-1,-2.321486430374346
-1,-0.8201543215747799
-1,-1.7406882035687818
-1,-4.643768079390309
-1,-2.198440338307199
-1,-3.909861074408268
-1,-1.3701600919163703
-1,-2.1527007248975276
-1,-2.100024081280014
-1,-2.9946473775868845
-1,-1.7364537916813139
-1,-0.5392809238031119
-1,-1.9280226854045708
-1,-2.554723804300199
-1,-3.50032505921085
-1,-2.7217715027492164
-1,-3.35991137713312
-1,-2.9347146677210847
-1,-0.8540303513967507
-1,-2.714592315109591
-1,-2.7097563986300965
-1,-4.016850237219861
-1,-1.7982062550304971
-1,-2.973045777497124
-1,-3.761328844658656
-1,-3.3920628451153583
-1,-1.9691799425314902
-1,-2.20002256171258
-1,-1.931130461526342
-1,-2.844422461314901
-1,-0.8790017374688679
-1,-0.3013449980168993
-1,-1.750585961220179
-1,-2.0778509576847775
-1,-2.4850371094512127
-1,-1.3654013950364017
-1,-2.947164784879616
-1,-2.5237753354868455
-1,-2.269760507925693
-1,-2.3287874881018404
-1,-2.260965773880538
-1,-2.1509072229746016
-1,-1.8786790958177741
-1,-3.174352464732616
-1,-2.967858997977343
-1,-1.3600377529274104
-1,-2.4846994852260362
-1,-0.8487695656660371
-1,-3.1382381129915142
-1,-1.5779831473545087
-1,-2.873270791587845
-1,-2.8310736149304274
-1,-1.5764675384622633
-1,-4.260710834158078
-1,-1.9913465765480312
-1,-2.380298214280972
-1,-1.2708421129423897
-1,-0.5419169120619636
-1,-3.1146261197620713
-1,-2.8657360656792186
-1,-2.4334072763085457
-1,-2.5634753372205963
-1,-3.1304529912029366
-1,-1.8774500862578
-1,-4.170302235428811
-1,-0.3399550497236311
-1,-3.5961899122442427
-1,-1.8743180831772612
-1,-2.682996498641977
-1,-3.4125027804726047
-1,-1.9919174414378693
-1,-1.3586195380946084
1,0.14638140851452996
-1,-4.34580052717232
-1,-1.0684588358609903
-1,-1.023180978002714
-1,-1.7531000612351404
-1,-2.410643273246544
-1,-2.1393868002870766
-1,-1.7309085760952927
-1,-2.5981380866250583
-1,-3.1122962211793985
-1,-3.0874204913761942
-1,-3.0387485803089676
-1,-1.1691954183822966
-1,-1.2375693789289257
-1,-3.1800989223773
-1,-0.744717146423224
-1,-1.6128772114664578
-1,-3.8068238248087294
-1,-3.6580210138055214
-1,-2.046388459977456
-1,-0.6072150740808121
-1,-0.49578966462895935
-1,-3.081679799316083
-1,-3.594815443636212
-1,-2.8185794704951785
-1,-1.950691038812138
-1,-3.431070485616666
-1,-5.039056829075996
-1,-2.483304086889125
-1,-2.587952980282956
-1,-0.9459437337823388
-1,-2.00368785457627
-1,-2.495504811834512
-1,-2.8901743527861687
-1,-0.6166119783927343
-1,-2.2221443989481346
-1,-3.717695006234503
-1,-2.5765998471529428
-1,-3.4318095820035954
-1,-0.8308229696077174
-1,-2.980677186843666
-1,-0.7764431794223666
1,0.09467176989066106
-1,-3.6539023851970764
-1,-2.548245479372283
-1,-2.901401936525436
-1,-3.9093682116163153
-1,-1.6365982346328471
-1,-1.7530618653582408
-1,-3.0342895314000873
-1,-0.14676020496624742
-1,-2.494009394149505
-1,-1.3342066477975636
-1,-0.41033168209346105
-1,-3.2754194229778193
-1,-2.114803001405308
-1,-2.5011747509232665
-1,-2.8575118572703175
-1,-2.183023582169956
-1,-3.004036590514834
-1,-3.115363835932345
-1,-3.9300757933725308
-1,-1.5895926240999634
-1,-2.366242166379561
-1,-3.041616476315966
-1,-3.23888288053146
-1,-3.855728035635044
-1,-2.4741305711346095
-1,-2.0089338656043445
-1,-2.5645615853442116
-1,-2.394780894927507
-1,-1.0765898522329649
-1,-0.7217019699214368
-1,-1.023924053052521
-1,-3.0462477652301168
-1,-2.471975517290849
-1,-3.71944200702056
-1,-3.1520780062609997
-1,-1.8120767344952666
-1,-2.8419153812100713
-1,-1.3353660178220572
-1,-1.5089479537023993
1,0.05079761730952459
-1,-3.193108841765734
-1,-4.154041552153156
1,0.14900858481061452
-1,-1.358082109263267
-1,-2.4162836869134314
-1,-3.147006993537212
-1,-3.1272389210696403
-1,-2.853844918498011
-1,-2.804205441140345
-1,-2.432503210958455
-1,-1.8546602642000498
-1,-1.2740876489665842
-1,-2.304739929027663
-1,-0.38444468563852274
-1,-4.370410357670273
-1,-3.3670532604616215
-1,-3.3866790091402046
-1,-2.0268276902743683
-1,-3.20864693526031
-1,-1.0926247339632196
-1,-3.5389345592196664
-1,-1.8998168741057682
-1,-3.149219321194734
-1,-0.8320196939577974
-1,-3.1456945902119946
-1,-2.5672469634487327
-1,-2.2348870135339074
-1,-3.4521111588431457
-1,-1.3688174346512527
-1,-3.041571568617831
-1,-2.238782024970753
1,0.10331351678191814
-1,-1.6487056380573333
-1,-1.3420736167826015
-1,-1.4862829960988877
1,0.6271246699919825
-1,-2.202876575501913
-1,-2.3656733269204464
-1,-0.8550539607996123
-1,-2.6718454685836974
-1,-2.0170984974195023
-1,-2.5317265770466357
-1,-0.8838975693440669
-1,-2.7736711230313573
-1,-2.6508400943412083
-1,-2.8307829311899195
-1,-2.7151250013785573
-1,-3.672529623923923
-1,-3.2742292830947672
-1,-3.635649652067183
-1,-3.5589523292103915
-1,-3.4269157292107013
-1,-2.076939837289802
-1,-3.5560633360882323
-1,-2.20214471448765
-1,-1.8475375370241198
-1,-2.3178146869793483
-1,-0.1596189344586595
-1,-2.1095191827784663
-1,-2.423321546140546
-1,-1.0245341670309531
-1,-3.4761143821291234
-1,-0.3889988219591288
-1,-3.3638808803948517
-1,-2.9145976197328327
-1,-2.8999970027425275
-1,-1.5711973896263292
-1,-2.2693322609042714
-1,-2.191563834101963
-1,-1.5365654428967987
-1,-3.2281119035129935
-1,-2.833950879441074
-1,-1.953195385855699
-1,-1.3864200306342291
-1,-1.6090023073468425
-1,-1.53624673498325
-1,-2.160860772634873
1,0.1493408233798338
-1,-1.1807826676239617
-1,-2.0974058288221014
-1,-1.987646075573458
-1,-3.1799118442312717
-1,-2.564012853916869
-1,-3.281265069598492
-1,-2.122139433568115
-1,-2.664780084477684
-1,-1.9914085557695578
-1,-2.8561458958780865
-1,-3.1786320843378744
-1,-2.404798942247822
-1,-1.983284695544317
-1,-2.8976304261573054
-1,-2.196528995429692
-1,-2.8763339223838797
-1,-1.272413525207006
-1,-1.5752100123987987
-1,-3.2552110376742283
-1,-2.3342900707082666
-1,-1.1853489261597363
-1,-1.2947028700670957
-1,-2.2773949828427096
-1,-2.456380468289911
-1,-3.1365708670099837
1,1.2336832693134778
1,1.7443048667844647
-1,-1.9661499230149038
-1,-0.37356895575540283
-1,-1.9782507527235351
-1,-3.005368767998898
-1,-1.739206010553608
-1,-3.3330123623259618
-1,-2.1446084009622473
-1,-1.8632875466219079
-1,-3.302483239978345
-1,-0.7296924612730303
-1,-3.1647581074224616
-1,-2.9443029322306256
-1,-2.3522253357797838
-1,-3.249459911332716
-1,-0.9598531862909041
-1,-0.6788487474063498
-1,-2.026222810866878
-1,-1.0244099851426358
-1,-2.950816901094595
-1,-1.975094426077543
-1,-1.4969438569389697
-1,-1.864721552402465
-1,-3.0911793021588516
-1,-2.954246391494209
-1,-0.567026480494798
-1,-3.164383021611965
-1,-1.5226795922009781
1,1.4622781711822022
-1,-0.640180709019173
-1,-2.753286114683261
-1,-2.7966923741831917
-1,-1.5690078086177883
-1,-2.7830894364906174
-1,-0.8669536331068223
-1,-2.4313874300680465
-1,-2.7370168291451464
-1,-0.478335306154383
-1,-1.9979753314383095
-1,-2.8777971606410806
-1,-3.0701185274471543
-1,-1.905817179409981
-1,-3.0650942611368954
-1,-2.55163052052295
-1,-0.5186003871810871
-1,-1.394070929901825
-1,-1.4780348024552503
-1,-3.2764290851969315
-1,-2.978355485146796
-1,-1.6001779292952865
-1,-3.745155172506623
-1,-2.9362714865801363
1,0.053799451659839126
-1,-1.7852237065490946
-1,-1.7005177958066326
-1,-2.53723134747269
-1,-0.363421277774548
-1,-1.7070576621132187
-1,-1.778098328970315
-1,-1.836031193102515
-1,-2.342013267510917
-1,-3.043955773270639
-1,-2.7103892150940903
-1,-1.9991255805252615
-1,-1.601744080596577
-1,-2.6087281490280847
-1,-0.8739701600326167
-1,-0.3465650157016047
-1,-3.314507581083845
1,0.4133243675433921
-1,-3.439240615555506
-1,-3.086513097739362
-1,-1.2968333919013135
-1,-2.6544606129410475
-1,-1.4553246426623418
-1,-1.0307334080084685
-1,-1.1452560037115052
-1,-1.7740571694140126
-1,-3.395725566982021
-1,-2.7742035643006666
-1,-1.304023030602656
-1,-2.6366473456721238
-1,-2.47994203537758
-1,-1.9875916475259419
-1,-2.6673658033364016
-1,-2.9131913503039684
-1,-3.5037266110052423
-1,-0.8658729527119899
-1,-2.4704920028469504
-1,-1.8367992364684111
-1,-1.371704545115199
-1,-1.196535800371147
-1,-3.0653033747462746
-1,-0.8558394157484628
-1,-2.6539013520386217
-1,-2.4569435599865845
-1,-0.7197059199329797
-1,-2.1769235275622667
1,1.6707047854360177
-1,-3.1045073248291706
-1,-4.343896691840862
-1,-3.391955570332289
-1,-0.5305685064121678
-1,-2.6134571986856643
-1,-1.4586504199884858
-1,-2.368205080685621
-1,-3.086432903568697
-1,-3.267625298218865
-1,-0.29253035797583826
-1,-3.447958255665078
-1,-1.851644183916418
-1,-0.15292552607862075
-1,-3.0345089269070162
-1,-2.033397617881383
-1,-3.0173203605692556
-1,-1.030471387593277
-1,-1.8357756179268998
-1,-3.427093124176808
-1,-2.4765554039730806
-1,-0.6362461005697525
-1,-2.575133232172696
-1,-3.696610583122095
-1,-3.517359639232668
-1,-4.09999765685699
-1,-1.2331253611707735
-1,-2.795811367331985
-1,-3.384717461803079
-1,-0.9207058597285334
-1,-2.308230280046517
-1,-1.717671609213585
-1,-1.851155284186067
-1,-3.3530667679294446
-1,-2.5922864423526506
-1,-2.158426167773727
-1,-3.410483176631063
-1,-2.4749042178497276
-1,-0.8298589378014919
-1,-0.3236016228781362
-1,-0.9809399454184874
-1,-3.0773929208719144
-1,-1.591301774627786
-1,-2.9946635952729577
-1,-1.6404946477164852
-1,-2.0507150992561423
-1,-2.496765732253776
-1,-1.5703205909619316
-1,-2.359468744076754
-1,-3.1676294961947082
-1,-1.6104763415471712
-1,-2.982769597975194
1,1.343156520976816
-1,-2.3603733834269094
-1,-1.9207761418926061
-1,-2.342849251024629
-1,-1.9928142468115708
-1,-2.822072485311319
-1,-2.409682243669189
-1,-0.623784081571076
-1,-2.899789868228614
-1,-1.859928946529021
-1,-3.14959183938985
-1,-0.649275477204456
-1,-3.665196561722967
-1,-1.9750989766637264
-1,-2.557674948077255
-1,-3.075471707909356
-1,-2.3728246727484743
-1,-1.851197590709996
-1,-0.5339518621433981
-1,-3.840978702577354
-1,-3.516837494588084
-1,-1.7843052358500904
-1,-1.1956407622989267
-1,-1.506593768160535
-1,-1.7673993166295472
-1,-0.6181203479901717
-1,-3.440720474537617
-1,-2.8324711100969275
-1,-3.5597524984485536
-1,-1.2079234467664925
-1,-2.0515366885809785
-1,-2.2912277138019137
-1,-2.097622098893068
-1,-0.5379360612181924
-1,-2.9413819056805277
-1,-2.5597321615329087
-1,-2.536596824050594
-1,-1.7217331587605251
-1,-1.7124641708558834
-1,-2.437856050318027
-1,-1.816380230680203
-1,-1.103032353709422
-1,-3.4881940195600185
-1,-0.30192528326807444
-1,-3.0673992163518404
-1,-1.397087829936317
-1,-2.541170984444176
-1,-2.306579142201903
-1,-2.317399251133066
-1,-1.556503647292511
-1,-1.276804461223576
1,0.9326293050847639
-1,-3.2705811138731242
-1,-2.4840084839720977
-1,-1.767123028276317
-1,-2.0801918066530014
-1,-0.7159662191488941
-1,-2.014607649023177
-1,-3.538731953659623
-1,-2.2885949620484007
-1,-3.7707437496798963
-1,-2.1252579094724076
-1,-2.761849117693797
1,1.9326874392305058
-1,-3.7841698909830983
-1,-2.5992896893952215
-1,-1.751804086162862
-1,-2.2851031936125707
-1,-2.039584213939196
-1,-2.272840355399224
-1,-0.8717020171585016
-1,-1.7416584806064512
-1,-2.956339999670448
-1,-2.7626618661588056
-1,-1.8956374385721504
-1,-2.47091833354025
-1,-3.202968527847283
-1,-0.8125024528490219
-1,-1.2532402479848312
-1,-1.7620413653741513
-1,-1.8782880013662129
-1,-0.8754752115567487
-1,-1.3174095607649305
-1,-0.6019912721255679
-1,-3.642599086582724
-1,-1.8048913080766735
-1,-4.237709568536224
-1,-0.27700132454156556
-1,-1.1826907636639246
-1,-2.6264635566935666
-1,-1.6616662269677591
-1,-3.1132602792255044
-1,-3.250590765239848
-1,-1.820679869175187
-1,-0.746364565258292
-1,-3.169937282335569
-1,-3.192787084049709
-1,-2.2735910826602415
1,0.3668533861595479
-1,-3.193311726208149
-1,-3.5618333598495
1,0.6546523289198406
-1,-2.5855489561254674
-1,-1.761416147346111
-1,-4.35329462805806
-1,-2.548626908806924
-1,-0.3458684874912006
-1,-1.6789530839852156
-1,-2.6324448456644953
-1,-2.360673514283094
-1,-3.4946246058781667
-1,-2.6641975667237516
-1,-2.2066973088379624
-1,-2.618171312759999
-1,-2.6043753803215965
-1,-1.4966346870391143
-1,-1.9086812784917329
-1,-3.0748779688343126
-1,-2.740743295785997
-1,-2.441978311762091
-1,-1.2876188121827221
-1,-0.14417083633883088
-1,-3.2795068259757327
-1,-2.6316324973046634
-1,-1.0691854226432889
-1,-1.7267254300522201
-1,-1.6047338215973705
-1,-0.6020818539952798
1,0.9238303518581962
-1,-2.644091243632903
-1,-3.353966042468856
-1,-2.0541088516382415
-1,-3.6786343332053892
-1,-3.062599693420823
-1,-2.9831992196666657
-1,-3.9921715787117873
-1,-3.2598603823779055
-1,-1.3813748657932186
-1,-0.42312192371448687
-1,-0.4078942096471363
-1,-3.790982249265013
-1,-1.7276282449327276
-1,-2.7881822429771614
-1,-1.2825559413013057
-1,-1.478823945649649
-1,-0.6599731273595075
-1,-1.0427811390036954
-1,-2.2764253487509443
-1,-0.40994545327553256
-1,-2.18923298662803
1,0.6369950036488538
-1,-1.576944549156043
-1,-1.490347449079731
-1,-1.6098042517065272
-1,-1.2860520158431905
-1,-2.32127092332663
-1,-1.360735807766127
-1,-2.629485339556496
-1,-1.7761889778247681
-1,-1.923474132460791
-1,-2.4015818989415028
-1,-0.36077015056471634
-1,-2.2449041246108083
-1,-2.1336821889822244
-1,-3.0082267684275945
-1,-1.085968438576284
-1,-0.862647139290878
-1,-2.2696655094098857
-1,-1.3529999139096096
-1,-2.1271980707018683
-1,-1.850412729135853
-1,-3.091637149651812
-1,-3.46085780386519
-1,-2.732497577056301
-1,-3.527503687664548
-1,-2.3709353446117745
-1,-0.9831136004286907
-1,-1.1548047577873413
-1,-0.534453378302522
-1,-2.3647242349238042
-1,-0.751224527327181
-1,-1.9136501659842948
-1,-0.3799603138241242
-1,-2.1982766187252767
-1,-3.244126576104925
-1,-1.4547679018724498
-1,-2.5112641108127494
-1,-2.526980567372316
-1,-2.014699478369978
-1,-2.82999348331265
-1,-3.68453680271275
-1,-1.0629184888490832
-1,-2.768391841633698
-1,-3.388108425894775
-1,-3.4378468709158545
-1,-0.45132147104229026
-1,-3.1646756898674666
-1,-2.8966293091512365
-1,-2.4899547085088845
-1,-4.045678671501293
-1,-3.7769226693027522
-1,-3.296224189204391
-1,-2.6221131378500036
-1,-2.4812589322935152
-1,-2.5587543336008767
-1,-0.21111625333291462
-1,-3.1108960198477917
-1,-3.4947752964179197
-1,-3.3849770938056825
-1,-3.1549281151737865
-1,-1.579426788165013
-1,-2.3558744487639167
-1,-0.9373235164478844
-1,-2.732628789700216
-1,-2.2162836561336863
-1,-1.5990194910916076
-1,-3.5914069726750246
-1,-2.5306236607956367
-1,-3.3530442091703767
-1,-0.7820069669084738
-1,-2.3794843900137908
-1,-0.5799769908745555
-1,-2.4231645822843584
-1,-2.7235335881761427
-1,-2.370906910476492
-1,-2.578302175543378
-1,-3.2856572584382175
-1,-0.9324088904522716
-1,-2.1915104210327248
-1,-3.22436521848581
-1,-3.285852870423813
-1,-2.1865136984673086
-1,-0.6925296067406627
-1,-2.6719852363111203
-1,-2.537962698177795
-1,-3.782482462033452
-1,-2.2767859751855264
-1,-2.1312571194171164
-1,-1.1371458551545603
-1,-1.7407615368622684
-1,-2.001960489967838
-1,-2.5342045091973233
-1,-2.694184690662627
-1,-3.0105605038551766
-1,-1.2889959612142716
-1,-2.135122079112922
-1,-3.921765695750069
-1,-0.7479559887357808
-1,-1.5186360204360754
-1,-1.6172442223448362
-1,-1.9493786603137435
-1,-1.1904762058817222
-1,-2.858233106534033
-1,-1.5179182171259078
-1,-3.4228759196515326
-1,-2.948930280239759
-1,-3.6190178201342658
-1,-2.479897496354533
-1,-0.23348787147258532
-1,-1.067442199458339
-1,-3.080495259850198
-1,-2.1342312555333764
-1,-0.05899971727359826
-1,-2.5125729607466063
-1,-1.4859953709265379
-1,-3.061947197846314
-1,-1.3732239353533635
-1,-3.1206516810167946
-1,-2.7816248171893547
-1,-0.12695606074268517
-1,-2.131719590608962
-1,-2.400783636723329
-1,-2.5280337123678267
-1,-1.457841550802768
1,0.516207218066879
-1,-1.7517304436323897
-1,-0.7853163077740032
-1,-0.33186598195614525
-1,-0.5036171572811653
-1,-3.060795457207954
-1,-2.6696796475910514
-1,-2.7151510620120227
-1,-1.0882291070387498
-1,-3.9661477502900127
-1,-2.0051570964888894
-1,-4.580510666130673
1,0.3738179701586216
-1,-1.6938607930383247
-1,-2.7959314848734342
-1,-2.108246640406031
-1,-2.2058824679410654
-1,-1.7393440994410123
-1,-1.968494839143358
-1,-3.0188561063415733
-1,-1.5528673692804822
-1,-0.4211474773956302
-1,-2.9694679598921474
1,0.5414538383232662
-1,-2.0351606798889637
-1,-2.8887364737796615
-1,-1.6491649048646173
-1,-2.2391509121202247
-1,-1.909085208793793
-1,-0.7832274417125754
-1,-2.1716533036157206
-1,-1.2674538232192236
-1,-2.920615983316159
-1,-0.925254102590371
-1,-2.3493727070444668
1,1.7104512004563692
-1,-2.208886475903085
-1,-2.4350381055285206
-1,-2.8665963918931157
-1,-2.126746200292633
-1,-2.210187015792753
-1,-2.7777169495386604
-1,-4.3196737768878295
-1,-3.557955878580202
-1,-1.483013526218083
-1,-1.3929534703872375
-1,-2.91066985458068
-1,-0.5452416106830927
-1,-1.456873835074346
-1,-3.270644245964482
-1,-2.732664742214966
-1,-2.324539388401266
-1,-2.863124708850902
-1,-3.217131252174192
-1,-2.970603980640994
-1,-2.4623980747697174
-1,-3.531974214908329
-1,-4.0132847151551205
-1,-2.663047556707394
-1,-2.873830257766772
-1,-3.471669888517175
1,0.6175730967790657
-1,-2.956044352029022
-1,-1.4247259027445818
-1,-2.045103928310605
-1,-1.322361542445579
1,2.0970423399587967
-1,-2.1331195045876967
-1,-1.2216366213508398
-1,-3.0862700001539394
1,0.20997057893221693
-1,-1.3297253929514636
-1,-2.268815204237415
-1,-2.8659580052146434
-1,-3.066582097614061
-1,-2.882358033261444
-1,-2.2914731084414552
-1,-2.595950642968518
-1,-1.5365278258002935
-1,-2.641526234848938
-1,-1.730062801015952
-1,-3.0651982829518865
-1,-1.734917374906161
-1,-2.9941966132051214
-1,-1.5653259767958505
-1,-2.388721813270717
-1,-0.8203191293828425
-1,-4.369939472195089
-1,-0.9431888564263103
-1,-2.967656254535251
-1,-2.4840128055163646
-1,-2.1679772502264454
-1,-2.6966750169512905
-1,-2.4309223896111014
1,0.19475592372814077
-1,-1.123194448262931
-1,-2.8156358723284916
-1,-1.7917197616104832
-1,-2.7682883368419327
-1,-2.2529495281294194
-1,-2.5190696398789725
-1,-3.4956920972897323
-1,-3.0752209719618486
-1,-2.44473476967793
-1,-3.540837532330461
-1,-2.6805838896318144
-1,-2.5571046135936335
-1,-1.1907477797275656
-1,-1.5924768077288873
-1,-1.33094034530551
-1,-3.4330105400106863
-1,-2.1183138390579686
1,0.8219571810486449
-1,-2.7658713382836506
-1,-1.7857228742987217
-1,-3.0865903741640093
-1,-2.568503697389587
-1,-0.2060302233720549
-1,-2.2297036079209223
-1,-1.2249321221412495
-1,-3.023046521301597
-1,-0.8531206321562871
-1,-3.844437105164638
-1,-0.12337565732910816
-1,-2.4813196326462252
-1,-2.3775955471903405
-1,-1.1081819732854845
-1,-2.2752317413008276
-1,-3.1791162597432723
-1,-1.0129779137303934
-1,-0.01415201921089082
-1,-2.926023144933972
-1,-3.0498735838799536
-1,-0.7120692400290966
-1,-2.4711747011950105
-1,-2.9260308067030665
-1,-1.3924307327591987
-1,-2.0043677545174905
-1,-1.7116274947636816
-1,-2.5641406199246823
-1,-3.0041486066802037
-1,-1.3225159705055716
-1,-0.6940199278071465
-1,-2.910793203582599
-1,-2.147915599085936
-1,-2.5048191442241694
-1,-0.3419309287617242
-1,-2.5654392436231443
-1,-3.2829715639279855
-1,-3.9010896593147204
-1,-1.4715509411114893
-1,-1.5381768201019375
-1,-3.4496007222456218
-1,-1.9265191625899898
-1,-1.6128814982977286
-1,-3.5863183742642475
-1,-0.9381455433875642
-1,-0.16893163740584927
-1,-1.9125946838495502
-1,-3.7120620982265415
-1,-1.5114739596965956
-1,-3.214240592900085
-1,-1.5010762016002555
-1,-0.3586673315458605
-1,-1.0430084290530903
-1,-1.2991436931985674
-1,-3.014659066766593
-1,-2.982103461762932
-1,-0.5558560783696049
-1,-1.9087343258534406
-1,-0.08425522058975177
-1,-3.1664265376194662
-1,-3.507672123792156
-1,-2.7490592425506795
-1,-3.190630418732423
-1,-3.3610003838115667
-1,-1.94194796630739
-1,-3.301117691097408
-1,-2.847202957021693
-1,-3.191266413691985
-1,-3.2699738265803453
-1,-1.462531393491939
-1,-1.8654434878434407
-1,-2.440940310268115
-1,-1.151851587290462
-1,-4.114318645592899
-1,-2.496444941322501
-1,-2.1584340250505365
-1,-1.7362543746401484
-1,-0.46932475663227524
-1,-3.7229544737682496
-1,-1.2739698734978693
-1,-3.878563063715623
-1,-3.2494139227428294
-1,-2.7979844310027926
-1,-2.638472830022856
-1,-2.8150327038992096
-1,-2.7656833754430457
1,1.4559361422123458
-1,-4.108486146196335
-1,-1.1868637396835742
-1,-1.1840932696102944
-1,-1.4274479159757303
-1,-3.721121343005497
-1,-0.6379038282646919
-1,-2.897941970321011
-1,-2.186118121815163
-1,-1.385873530154857
-1,-3.746300762049168
-1,-1.8384828560393074
-1,-2.4979559637320667
-1,-2.8020582866711314
-1,-3.388179939119793
-1,-2.588509442413092
-1,-2.1004215621148816
-1,-1.341903896331487
1,1.417184691401729
-1,-1.3342830945616027
-1,-1.2005568845913506
-1,-3.8537159302523425
-1,-2.5128644070039967
-1,-1.849680063709322
-1,-3.5131857742894415
-1,-1.3117176169912979
-1,-0.5977977855054862
-1,-2.46420928363765
-1,-3.8546084692580185
-1,-3.2926018451721357
-1,-2.8352182913232533
-1,-3.1367903305577842
-1,-2.7575396273136965
-1,-1.7237413272261728
-1,-0.5913700337729384
-1,-1.1387696260684992
-1,-3.0038582208141933
-1,-0.5718522049579864
-1,-2.0833080817129055
-1,-1.3459794882533243
-1,-1.695508363848527
-1,-2.8858575081442694
-1,-2.191159328653634
-1,-1.745074860139534
-1,-3.798531363482198
1,0.007059552709480776
-1,-2.4849280841301584
-1,-1.362924687232304
-1,-1.695458336180184
-1,-1.994283891261094
-1,-3.471253367060253
-1,-3.408709162063446
-1,-1.3604620404660124
-1,-2.4332860353115002
-1,-2.2218181456081547
-1,-2.473185580708253
-1,-2.483131800258489
-1,-2.907220760881055
-1,-3.047028921878173
-1,-2.888682994259218
-1,-1.3539158208392812
-1,-1.3686292783459244
